y1,y2,n,rho,p
2015,2016,56,0.7559808612440192,1.6295300448846288e-11
2016,2017,70,0.8125798267868077,1.3456868053770634e-17
2017,2018,83,0.8671760211578019,3.0355778253713355e-26
2018,2019,93,0.8914336870830618,4.8759703148573526e-33
2019,2020,108,0.9013637684506333,2.5516943507159416e-40
2020,2021,125,0.884382310880169,1.612093970343248e-42
2021,2022,155,0.9204526137277556,2.6462874691898418e-64
2022,2023,181,0.9326872774601213,3.396021599484535e-81
2023,2024,201,0.9664739662311906,1.8370803207567846e-119
2024,2025,211,0.9705843747515446,3.204634447705684e-131
